Link, Blurb
IBM,https://developer.ibm.com/callforcode/, hello
IBM,https://developer.ibm.com/callforcode/, hello
IBM,https://developer.ibm.com/callforcode/, hello
IBM,https://developer.ibm.com/callforcode/, hello
IBM,https://developer.ibm.com/callforcode/, hello
IBM,https://developer.ibm.com/callforcode/, hello
IBM,https://developer.ibm.com/callforcode/, hello
IBM,https://developer.ibm.com/callforcode/, hello
IBM,https://developer.ibm.com/callforcode/, hello
IBM,https://developer.ibm.com/callforcode/, hello